<?xml version="1.0" encoding="UTF-8"?>
<!DOCTYPE hibernate-configuration PUBLIC
        "-//Hibernate/Hibernate Configuration DTD 3.0//EN"
        "http://www.hibernate.org/dtd/hibernate-configuration-3.0.dtd">

<hibernate-configuration>
    <session-factory>
        <!-- Database connection settings -->
        <property name="connection.driver_class">com.mysql.cj.jdbc.Driver</property>
        <property name="connection.url">jdbc:mysql://localhost:3306/TestingSystem</property>
        <property name="connection.username">root</property>
        <property name="connection.password">root</property>

        <!-- format code SQL -->
        <property name="show_sql">false</property>
        <property name="hibernate.format_sql">true</property>
        <property name="connection.pool_size">10</property>

        <!-- other -->
        <property name="hibernate.connection.characterEncoding">utf8</property>
        <property name="hibernate.enable_lazy_load_no_trans">true</property>

    </session-factory>
</hibernate-configuration>

